"SOV_A3,C,3","ADM0_A3,C,3","GEOU_DIF,N,4,2","GEOUNIT,C,40","GU_A3,C,3",NOME_PORTUGUES,"NAME_LONG,C,40","BRK_A3,C,3","BRK_NAME,C,36","ABBREV,C,13","POSTAL,C,4","FORMAL_EN,C,52","FORMAL_FR,C,35","NOTE_ADM0,C,22","NOTE_BRK,C,164","NAME_SORT,C,36","ADM0_A3_IS,C,3","ADM0_A3_US,C,3","CONTINENT,C,23","REGION_UN,C,23","SUBREGION,C,25","REGION_WB,C,26"
NL1,ABW,0,Aruba,ABW,Aruba,Aruba,ABW,Aruba,Aruba,AW,Aruba,,Neth.,,Aruba,ABW,ABW,North America,Americas,Caribbean,Latin America & Caribbean
AFG,AFG,0,Afghanistan,AFG,Afeganistão,Afghanistan,AFG,Afghanistan,Afg.,AF,Islamic State of Afghanistan,,,,Afghanistan,AFG,AFG,Asia,Asia,Southern Asia,South Asia
AGO,AGO,0,Angola,AGO,Angola,Angola,AGO,Angola,Ang.,AO,People's Republic of Angola,,,,Angola,AGO,AGO,Africa,Africa,Middle Africa,Sub-Saharan Africa
GB1,AIA,0,Anguilla,AIA,Anguilla,Anguilla,AIA,Anguilla,Ang.,AI,,,U.K.,,Anguilla,AIA,AIA,North America,Americas,Caribbean,Latin America & Caribbean
ALB,ALB,0,Albania,ALB,Albânia,Albania,ALB,Albania,Alb.,AL,Republic of Albania,,,,Albania,ALB,ALB,Europe,Europe,Southern Europe,Europe & Central Asia
FI1,ALD,0,Aland,ALD,Aland,Aland Islands,ALD,Aland,Aland,AI,Åland Islands,,Fin.,,Aland,ALA,ALD,Europe,Europe,Northern Europe,Europe & Central Asia
AND,AND,0,Andorra,AND,Andorra,Andorra,AND,Andorra,And.,AND,Principality of Andorra,,,,Andorra,AND,AND,Europe,Europe,Southern Europe,Europe & Central Asia
ARE,ARE,0,United Arab Emirates,ARE,Emirados Árabes Unidos,United Arab Emirates,ARE,United Arab Emirates,U.A.E.,AE,United Arab Emirates,,,,United Arab Emirates,ARE,ARE,Asia,Asia,Western Asia,Middle East & North Africa
ARG,ARG,0,Argentina,ARG,Argentina,Argentina,ARG,Argentina,Arg.,AR,Argentine Republic,,,,Argentina,ARG,ARG,South America,Americas,South America,Latin America & Caribbean
ARM,ARM,0,Armenia,ARM,Armênia,Armenia,ARM,Armenia,Arm.,ARM,Republic of Armenia,,,,Armenia,ARM,ARM,Asia,Asia,Western Asia,Europe & Central Asia
US1,ASM,0,American Samoa,ASM,American Samoa,American Samoa,ASM,American Samoa,Am. Samoa,AS,American Samoa,,U.S.A.,,American Samoa,ASM,ASM,Oceania,Oceania,Polynesia,East Asia & Pacific
ATA,ATA,0,Antarctica,ATA,Antártica,Antarctica,ATA,Antarctica,Ant.,AQ,,,,Multiple claims held in abeyance,Antarctica,ATA,ATA,Antarctica,Antarctica,Antarctica,Antarctica
AU1,ATC,0,Ashmore and Cartier Islands,ATC,Ashmore and Cartier Is.,Ashmore and Cartier Islands,ATC,Ashmore and Cartier Is.,A.C.Is.,AU,Territory of Ashmore and Cartier Islands,,Auz.,,Ashmore and Cartier Islands,AUS,ATC,Oceania,Oceania,Australia and New Zealand,East Asia & Pacific
FR1,ATF,0,French Southern and Antarctic Lands,ATF,Fr. S. Antarctic Lands,French Southern and Antarctic Lands,ATF,Fr. S. and Antarctic Lands,Fr. S.A.L.,TF,Territory of the French Southern and Antarctic Lands,,Fr.,,French Southern and Antarctic Lands,ATF,ATF,Seven seas (open ocean),Seven seas (open ocean),Seven seas (open ocean),Sub-Saharan Africa
ATG,ATG,0,Antigua and Barbuda,ATG,Antígua e Barbados,Antigua and Barbuda,ATG,Antigua and Barb.,Ant.B.,AG,Antigua and Barbuda,,,,Antigua and Barbuda,ATG,ATG,North America,Americas,Caribbean,Latin America & Caribbean
AU1,AUS,0,Australia,AUS,Austrália,Australia,AUS,Australia,Auz.,AU,Commonwealth of Australia,,,,Australia,AUS,AUS,Oceania,Oceania,Australia and New Zealand,East Asia & Pacific
AUT,AUT,0,Austria,AUT,Austria,Austria,AUT,Austria,Aust.,A,Republic of Austria,,,,Austria,AUT,AUT,Europe,Europe,Western Europe,Europe & Central Asia
AZE,AZE,0,Azerbaijan,AZE,Azerbaijão,Azerbaijan,AZE,Azerbaijan,Aze.,AZ,Republic of Azerbaijan,,,,Azerbaijan,AZE,AZE,Asia,Asia,Western Asia,Europe & Central Asia
BDI,BDI,0,Burundi,BDI,Burundi,Burundi,BDI,Burundi,Bur.,BI,Republic of Burundi,,,,Burundi,BDI,BDI,Africa,Africa,Eastern Africa,Sub-Saharan Africa
BEL,BEL,0,Belgium,BEL,Bélgica,Belgium,BEL,Belgium,Belg.,B,Kingdom of Belgium,,,,Belgium,BEL,BEL,Europe,Europe,Western Europe,Europe & Central Asia
BEN,BEN,0,Benin,BEN,Benin,Benin,BEN,Benin,Benin,BJ,Republic of Benin,,,,Benin,BEN,BEN,Africa,Africa,Western Africa,Sub-Saharan Africa
BFA,BFA,0,Burkina Faso,BFA,Burkina Faso,Burkina Faso,BFA,Burkina Faso,B.F.,BF,Burkina Faso,,,,Burkina Faso,BFA,BFA,Africa,Africa,Western Africa,Sub-Saharan Africa
BGD,BGD,0,Bangladesh,BGD,Bangladesh,Bangladesh,BGD,Bangladesh,Bang.,BD,People's Republic of Bangladesh,,,,Bangladesh,BGD,BGD,Asia,Asia,Southern Asia,South Asia
BGR,BGR,0,Bulgaria,BGR,Bulgaria,Bulgaria,BGR,Bulgaria,Bulg.,BG,Republic of Bulgaria,,,,Bulgaria,BGR,BGR,Europe,Europe,Eastern Europe,Europe & Central Asia
BHR,BHR,0,Bahrain,BHR,Bahrein,Bahrain,BHR,Bahrain,Bahr.,BH,Kingdom of Bahrain,,,,Bahrain,BHR,BHR,Asia,Asia,Western Asia,Middle East & North Africa
BHS,BHS,0,The Bahamas,BHS,Bahamas,Bahamas,BHS,Bahamas,Bhs.,BS,Commonwealth of the Bahamas,,,,"Bahamas, The",BHS,BHS,North America,Americas,Caribbean,Latin America & Caribbean
BIH,BIH,0,Bosnia and Herzegovina,BIH,Bosnia e Herz.,Bosnia and Herzegovina,BIH,Bosnia and Herz.,B.H.,BiH,Bosnia and Herzegovina,,,,Bosnia and Herzegovina,BIH,BIH,Europe,Europe,Southern Europe,Europe & Central Asia
BJN,BJN,0,Bajo Nuevo Bank (Petrel Is.),BJN,Bajo Nuevo Bank (Petrel Is.),Bajo Nuevo Bank (Petrel Islands),B41,Bajo Nuevo Bank (Petrel Is.),,,,,Disputed,"Claimed by Columbia, Jamaica, Nicaragua and the United States",Bajo Nuevo Bank (Petrel Is.),-99,B41,North America,Americas,Caribbean,Latin America & Caribbean
FR1,BLM,0,Saint Barthelemy,BLM,St-Barthélemy,Saint-Barthélemy,BLM,St-Barthélemy,St. B.,BL,Saint-Barthélemy,,Fr.,,St-Barthélemy,BLM,BLM,North America,Americas,Caribbean,Latin America & Caribbean
BLR,BLR,0,Belarus,BLR,Belarus,Belarus,BLR,Belarus,Bela.,BY,Republic of Belarus,,,,Belarus,BLR,BLR,Europe,Europe,Eastern Europe,Europe & Central Asia
BLZ,BLZ,0,Belize,BLZ,Belize,Belize,BLZ,Belize,Belize,BZ,Belize,,,,Belize,BLZ,BLZ,North America,Americas,Central America,Latin America & Caribbean
GB1,BMU,0,Bermuda,BMU,Bermuda,Bermuda,BMU,Bermuda,Berm.,BM,The Bermudas or Somers Isles,,U.K.,,Bermuda,BMU,BMU,North America,Americas,Northern America,North America
BOL,BOL,0,Bolivia,BOL,Bolívia,Bolivia,BOL,Bolivia,Bolivia,BO,Plurinational State of Bolivia,,,,Bolivia,BOL,BOL,South America,Americas,South America,Latin America & Caribbean
BRA,BRA,0,Brazil,BRA,Brasil,Brazil,BRA,Brazil,Brazil,BR,Federative Republic of Brazil,,,,Brazil,BRA,BRA,South America,Americas,South America,Latin America & Caribbean
BRB,BRB,0,Barbados,BRB,Barbados,Barbados,BRB,Barbados,Barb.,BB,Barbados,,,,Barbados,BRB,BRB,North America,Americas,Caribbean,Latin America & Caribbean
BRN,BRN,0,Brunei,BRN,Brunei,Brunei Darussalam,BRN,Brunei,Brunei,BN,Negara Brunei Darussalam,,,,Brunei,BRN,BRN,Asia,Asia,South-Eastern Asia,East Asia & Pacific
BTN,BTN,0,Bhutan,BTN,Butão,Bhutan,BTN,Bhutan,Bhutan,BT,Kingdom of Bhutan,,,,Bhutan,BTN,BTN,Asia,Asia,Southern Asia,South Asia
BWA,BWA,0,Botswana,BWA,Botsuana,Botswana,BWA,Botswana,Bwa.,BW,Republic of Botswana,,,,Botswana,BWA,BWA,Africa,Africa,Southern Africa,Sub-Saharan Africa
CAF,CAF,0,Central African Republic,CAF,Rep. Central Africana,Central African Republic,CAF,Central African Rep.,C.A.R.,CF,Central African Republic,,,,Central African Republic,CAF,CAF,Africa,Africa,Middle Africa,Sub-Saharan Africa
CAN,CAN,0,Canada,CAN,Canadá,Canada,CAN,Canada,Can.,CA,Canada,,,,Canada,CAN,CAN,North America,Americas,Northern America,North America
CHE,CHE,0,Switzerland,CHE,Suíça,Switzerland,CHE,Switzerland,Switz.,CH,Swiss Confederation,,,,Switzerland,CHE,CHE,Europe,Europe,Western Europe,Europe & Central Asia
CHL,CHL,0,Chile,CHL,Chile,Chile,CHL,Chile,Chile,CL,Republic of Chile,,,,Chile,CHL,CHL,South America,Americas,South America,Latin America & Caribbean
CH1,CHN,0,China,CHN,China,China,CHN,China,China,CN,People's Republic of China,,,,China,CHN,CHN,Asia,Asia,Eastern Asia,East Asia & Pacific
CIV,CIV,0,Ivory Coast,CIV,Costa do Marfim,Côte d'Ivoire,CIV,Côte d'Ivoire,I.C.,CI,Republic of Ivory Coast,Republic of Cote D'Ivoire,,,Côte d'Ivoire,CIV,CIV,Africa,Africa,Western Africa,Sub-Saharan Africa
FR1,CLP,0,Clipperton Island,CLP,Ilha Clipperton,Clipperton Island,CLP,Clipperton I.,Clp. I.,CI,,,,,Clipperton Island,FRA,CLP,Seven seas (open ocean),Americas,Central America,Latin America & Caribbean
CMR,CMR,0,Cameroon,CMR,Camarões,Cameroon,CMR,Cameroon,Cam.,CM,Republic of Cameroon,,,,Cameroon,CMR,CMR,Africa,Africa,Middle Africa,Sub-Saharan Africa
CNM,CNM,0,Cyprus No Mans Area,CNM,Cyprus U.N. Buffer Zone,Cyprus U.N. Buffer Zone,B43,Cyprus U.N. Buffer Zone,,,Cyprus No Mans Land,,,,Cyprus No Mans Area,CYP,CYP,Asia,Asia,Western Asia,Europe & Central Asia
COD,COD,0,Democratic Republic of the Congo,COD,Rep. Dem. Do Congo,Democratic Republic of the Congo,COD,Democratic Republic of the Congo,D.R.C.,DRC,Democratic Republic of the Congo,,,,"Congo, Dem. Rep.",COD,COD,Africa,Africa,Middle Africa,Sub-Saharan Africa
COG,COG,0,Republic of Congo,COG,Congo,Republic of Congo,COG,Republic of Congo,Rep. Congo,CG,Republic of Congo,,,,"Congo, Rep.",COG,COG,Africa,Africa,Middle Africa,Sub-Saharan Africa
NZ1,COK,0,Cook Islands,COK,Ilhas Cook,Cook Islands,COK,Cook Is.,Cook Is.,CK,,,Assoc. with N.Z.,,Cook Islands,COK,COK,Oceania,Oceania,Polynesia,East Asia & Pacific
COL,COL,0,Colombia,COL,Colômbia,Colombia,COL,Colombia,Col.,CO,Republic of Colombia,,,,Colombia,COL,COL,South America,Americas,South America,Latin America & Caribbean
COM,COM,0,Comoros,COM,Comoros,Comoros,COM,Comoros,Com.,KM,Union of the Comoros,,,,Comoros,COM,COM,Africa,Africa,Eastern Africa,Sub-Saharan Africa
CPV,CPV,0,Cape Verde,CPV,Cabo Verde,Cape Verde,CPV,Cape Verde,C.Vd.,CV,Republic of Cape Verde,,,,Cape Verde,CPV,CPV,Africa,Africa,Western Africa,Sub-Saharan Africa
CRI,CRI,0,Costa Rica,CRI,Costa Rica,Costa Rica,CRI,Costa Rica,C.R.,CR,Republic of Costa Rica,,,,Costa Rica,CRI,CRI,North America,Americas,Central America,Latin America & Caribbean
AU1,CSI,0,Coral Sea Islands,CSI,Coral Sea Is.,Coral Sea Islands,CSI,Coral Sea Is.,C.S.I.,CS,Coral Sea Islands Territory,,Auz.,,Coral Sea Islands,AUS,CSI,Oceania,Oceania,Australia and New Zealand,East Asia & Pacific
CUB,CUB,0,Cuba,CUB,Cuba,Cuba,CUB,Cuba,Cuba,CU,Republic of Cuba,,,,Cuba,CUB,CUB,North America,Americas,Caribbean,Latin America & Caribbean
NL1,CUW,0,Curaçao,CUW,Curaçao,Curaçao,CUW,Curaçao,Cur.,CW,Curaçao,,Neth.,,Curaçao,CUW,CUW,North America,Americas,Caribbean,Latin America & Caribbean
GB1,CYM,0,Cayman Islands,CYM,Ilhas Cayman,Cayman Islands,CYM,Cayman Is.,Cym. Is.,KY,Cayman Islands,,U.K.,,Cayman Islands,CYM,CYM,North America,Americas,Caribbean,Latin America & Caribbean
CYN,CYN,0,Northern Cyprus,CYN,Norte do Chipre,Northern Cyprus,B20,N. Cyprus,N. Cy.,CN,Turkish Republic of Northern Cyprus,,Self admin.,Self admin.; Claimed by Cyprus,"Cyprus, Northern",CYP,CYP,Asia,Asia,Western Asia,Europe & Central Asia
CYP,CYP,0,Cyprus,CYP,Chipre,Cyprus,CYP,Cyprus,Cyp.,CY,Republic of Cyprus,,,,Cyprus,CYP,CYP,Asia,Asia,Western Asia,Europe & Central Asia
CZE,CZE,0,Czech Republic,CZE,Rep. Tcheca,Czech Republic,CZE,Czech Rep.,Cz. Rep.,CZ,Czech Republic,,,,Czech Republic,CZE,CZE,Europe,Europe,Eastern Europe,Europe & Central Asia
DEU,DEU,0,Germany,DEU,Alemanha,Germany,DEU,Germany,Ger.,D,Federal Republic of Germany,,,,Germany,DEU,DEU,Europe,Europe,Western Europe,Europe & Central Asia
DJI,DJI,0,Djibouti,DJI,Djibouti,Djibouti,DJI,Djibouti,Dji.,DJ,Republic of Djibouti,,,,Djibouti,DJI,DJI,Africa,Africa,Eastern Africa,Middle East & North Africa
DMA,DMA,0,Dominica,DMA,Dominica,Dominica,DMA,Dominica,D'inca,DM,Commonwealth of Dominica,,,,Dominica,DMA,DMA,North America,Americas,Caribbean,Latin America & Caribbean
DN1,DNK,0,Denmark,DNK,Dinamarca,Denmark,DNK,Denmark,Den.,DK,Kingdom of Denmark,,,,Denmark,DNK,DNK,Europe,Europe,Northern Europe,Europe & Central Asia
DOM,DOM,0,Dominican Republic,DOM,Rep. Dominicana,Dominican Republic,DOM,Dominican Rep.,Dom. Rep.,DO,Dominican Republic,,,,Dominican Republic,DOM,DOM,North America,Americas,Caribbean,Latin America & Caribbean
DZA,DZA,0,Algeria,DZA,Argélia,Algeria,DZA,Algeria,Alg.,DZ,People's Democratic Republic of Algeria,,,,Algeria,DZA,DZA,Africa,Africa,Northern Africa,Middle East & North Africa
ECU,ECU,0,Ecuador,ECU,Equador,Ecuador,ECU,Ecuador,Ecu.,EC,Republic of Ecuador,,,,Ecuador,ECU,ECU,South America,Americas,South America,Latin America & Caribbean
EGY,EGY,0,Egypt,EGY,Egito,Egypt,EGY,Egypt,Egypt,EG,Arab Republic of Egypt,,,,"Egypt, Arab Rep.",EGY,EGY,Africa,Africa,Northern Africa,Middle East & North Africa
ERI,ERI,0,Eritrea,ERI,Eritreia,Eritrea,ERI,Eritrea,Erit.,ER,State of Eritrea,,,,Eritrea,ERI,ERI,Africa,Africa,Eastern Africa,Sub-Saharan Africa
GB1,ESB,0,Dhekelia Sovereign Base Area,ESB,Dhekelia,Dhekelia,ESB,Dhekelia,Dhek.,DH,,,U.K. Base,,Dhekelia Soverign Base Area,GBR,ESB,Asia,Asia,Western Asia,Europe & Central Asia
ESP,ESP,0,Spain,ESP,Espanha,Spain,ESP,Spain,Sp.,E,Kingdom of Spain,,,,Spain,ESP,ESP,Europe,Europe,Southern Europe,Europe & Central Asia
EST,EST,0,Estonia,EST,Estônia,Estonia,EST,Estonia,Est.,EST,Republic of Estonia,,,,Estonia,EST,EST,Europe,Europe,Northern Europe,Europe & Central Asia
ETH,ETH,0,Ethiopia,ETH,Etiópia,Ethiopia,ETH,Ethiopia,Eth.,ET,Federal Democratic Republic of Ethiopia,,,,Ethiopia,ETH,ETH,Africa,Africa,Eastern Africa,Sub-Saharan Africa
FI1,FIN,0,Finland,FIN,Finlândia,Finland,FIN,Finland,Fin.,FIN,Republic of Finland,,,,Finland,FIN,FIN,Europe,Europe,Northern Europe,Europe & Central Asia
FJI,FJI,0,Fiji,FJI,Fiji,Fiji,FJI,Fiji,Fiji,FJ,Republic of Fiji,,,,Fiji,FJI,FJI,Oceania,Oceania,Melanesia,East Asia & Pacific
GB1,FLK,0,Falkland Islands,FLK,Ilhas Falkland,Falkland Islands,B12,Falkland Is.,Flk. Is.,FK,Falkland Islands,,U.K.,Admin. by U.K.; Claimed by Argentina,Falkland Islands,FLK,FLK,South America,Americas,South America,Latin America & Caribbean
FR1,FRA,0,France,FRA,França,France,FRA,France,Fr.,F,French Republic,,,,France,FRA,FRA,Europe,Europe,Western Europe,Europe & Central Asia
DN1,FRO,0,Faroe Islands,FRO,Faeroe Is.,Faeroe Islands,FRO,Faeroe Islands,Faeroe Is.,FO,Føroyar Is. (Faeroe Is.),,Den.,,Faeroe Islands,FRO,FRO,Europe,Europe,Northern Europe,Europe & Central Asia
FSM,FSM,0,Federated States of Micronesia,FSM,Micronésia,Federated States of Micronesia,FSM,Micronesia,F.S.M.,FSM,Federated States of Micronesia,,,,"Micronesia, Federated States of",FSM,FSM,Oceania,Oceania,Micronesia,East Asia & Pacific
GAB,GAB,0,Gabon,GAB,Gabão,Gabon,GAB,Gabon,Gabon,GA,Gabonese Republic,,,,Gabon,GAB,GAB,Africa,Africa,Middle Africa,Sub-Saharan Africa
GB1,GBR,0,United Kingdom,GBR,Reino Unido,United Kingdom,GBR,United Kingdom,U.K.,GB,United Kingdom of Great Britain and Northern Ireland,,,,United Kingdom,GBR,GBR,Europe,Europe,Northern Europe,Europe & Central Asia
GEO,GEO,0,Georgia,GEO,Georgia,Georgia,GEO,Georgia,Geo.,GE,Georgia,,,,Georgia,GEO,GEO,Asia,Asia,Western Asia,Europe & Central Asia
GB1,GGY,0,Guernsey,GGY,Guernsey,Guernsey,GGY,Guernsey,Guern.,GG,Bailiwick of Guernsey,,U.K. crown dependency,,Guernsey,GGY,GGY,Europe,Europe,Northern Europe,Europe & Central Asia
GHA,GHA,0,Ghana,GHA,Gana,Ghana,GHA,Ghana,Ghana,GH,Republic of Ghana,,,,Ghana,GHA,GHA,Africa,Africa,Western Africa,Sub-Saharan Africa
GB1,GIB,0,Gibraltar,GIB,Gibraltar,Gibraltar,B55,Gibraltar,Gib.,GI,,,U.K.,Admin. By U.K.; Claimed by Spain,Gibraltar,GIB,GIB,Europe,Europe,Southern Europe,Europe & Central Asia
GIN,GIN,0,Guinea,GIN,Guiné,Guinea,GIN,Guinea,Gin.,GN,Republic of Guinea,,,,Guinea,GIN,GIN,Africa,Africa,Western Africa,Sub-Saharan Africa
GMB,GMB,0,Gambia,GMB,Gâmbia,The Gambia,GMB,Gambia,Gambia,GM,Republic of the Gambia,,,,"Gambia, The",GMB,GMB,Africa,Africa,Western Africa,Sub-Saharan Africa
GNB,GNB,0,Guinea Bissau,GNB,Guiné-Bissau,Guinea-Bissau,GNB,Guinea-Bissau,GnB.,GW,Republic of Guinea-Bissau,,,,Guinea-Bissau,GNB,GNB,Africa,Africa,Western Africa,Sub-Saharan Africa
GNQ,GNQ,0,Equatorial Guinea,GNQ,Guiné Equatorial,Equatorial Guinea,GNQ,Eq. Guinea,Eq. G.,GQ,Republic of Equatorial Guinea,,,,Equatorial Guinea,GNQ,GNQ,Africa,Africa,Middle Africa,Sub-Saharan Africa
GRC,GRC,0,Greece,GRC,Grécia,Greece,GRC,Greece,Greece,GR,Hellenic Republic,,,,Greece,GRC,GRC,Europe,Europe,Southern Europe,Europe & Central Asia
GRD,GRD,0,Grenada,GRD,Granada,Grenada,GRD,Grenada,Gren.,GD,Grenada,,,,Grenada,GRD,GRD,North America,Americas,Caribbean,Latin America & Caribbean
DN1,GRL,0,Greenland,GRL,Groenlândia,Greenland,GRL,Greenland,Grlnd.,GL,Greenland,,Den.,,Greenland,GRL,GRL,North America,Americas,Northern America,Europe & Central Asia
GTM,GTM,0,Guatemala,GTM,Guatemala,Guatemala,GTM,Guatemala,Guat.,GT,Republic of Guatemala,,,,Guatemala,GTM,GTM,North America,Americas,Central America,Latin America & Caribbean
US1,GUM,0,Guam,GUM,Guam,Guam,GUM,Guam,Guam,GU,Territory of Guam,,U.S.A.,,Guam,GUM,GUM,Oceania,Oceania,Micronesia,East Asia & Pacific
GUY,GUY,0,Guyana,GUY,Guiana,Guyana,GUY,Guyana,Guy.,GY,Co-operative Republic of Guyana,,,,Guyana,GUY,GUY,South America,Americas,South America,Latin America & Caribbean
CH1,HKG,0,Hong Kong S.A.R.,HKG,Hong Kong,Hong Kong,HKG,Hong Kong,H.K.,HK,"Hong Kong Special Administrative Region, PRC",,China,,"Hong Kong SAR, China",HKG,HKG,Asia,Asia,Eastern Asia,East Asia & Pacific
AU1,HMD,0,Heard Island and McDonald Islands,HMD,Heard I. and McDonald Is.,Heard I. and McDonald Islands,HMD,Heard I. and McDonald Is.,H.M.Is.,HM,Territory of Heard Island and McDonald Islands,,Auz.,,Heard Island and McDonald Islands,HMD,HMD,Seven seas (open ocean),Seven seas (open ocean),Seven seas (open ocean),Sub-Saharan Africa
HND,HND,0,Honduras,HND,Honduras,Honduras,HND,Honduras,Hond.,HN,Republic of Honduras,,,,Honduras,HND,HND,North America,Americas,Central America,Latin America & Caribbean
HRV,HRV,0,Croatia,HRV,Croácia,Croatia,HRV,Croatia,Cro.,HR,Republic of Croatia,,,,Croatia,HRV,HRV,Europe,Europe,Southern Europe,Europe & Central Asia
HTI,HTI,0,Haiti,HTI,Haiti,Haiti,HTI,Haiti,Haiti,HT,Republic of Haiti,,,,Haiti,HTI,HTI,North America,Americas,Caribbean,Latin America & Caribbean
HUN,HUN,0,Hungary,HUN,Hungria,Hungary,HUN,Hungary,Hun.,HU,Republic of Hungary,,,,Hungary,HUN,HUN,Europe,Europe,Eastern Europe,Europe & Central Asia
IDN,IDN,0,Indonesia,IDN,Indonésia,Indonesia,IDN,Indonesia,Indo.,INDO,Republic of Indonesia,,,,Indonesia,IDN,IDN,Asia,Asia,South-Eastern Asia,East Asia & Pacific
GB1,IMN,0,Isle of Man,IMN,Isle of Man,Isle of Man,IMN,Isle of Man,IoMan,IM,,,U.K. crown dependency,,Isle of Man,IMN,IMN,Europe,Europe,Northern Europe,Europe & Central Asia
IND,IND,0,India,IND,Índia,India,IND,India,India,IND,Republic of India,,,,India,IND,IND,Asia,Asia,Southern Asia,South Asia
AU1,IOA,0,Indian Ocean Territories,IOA,Indian Ocean Ter.,Indian Ocean Territories,IOA,Indian Ocean Ter.,Ind. Oc. Ter.,IOT,,,Auz.,,Indian Ocean Territories,AUS,AUS,Asia,Seven seas (open ocean),Seven seas (open ocean),East Asia & Pacific
GB1,IOT,0,British Indian Ocean Territory,IOT,Br. Indian Ocean Ter.,British Indian Ocean Territory,B69,Br. Indian Ocean Ter.,I.O.T.,IO,,,U.K.,Admin. by U.K.; Claimed by Mauritius and Seychelles,British Indian Ocean Territory,IOT,IOT,Seven seas (open ocean),Seven seas (open ocean),Seven seas (open ocean),Sub-Saharan Africa
IRL,IRL,0,Ireland,IRL,Irlanda,Ireland,IRL,Ireland,Ire.,IRL,Ireland,,,,Ireland,IRL,IRL,Europe,Europe,Northern Europe,Europe & Central Asia
IRN,IRN,0,Iran,IRN,Irã,Iran,IRN,Iran,Iran,IRN,Islamic Republic of Iran,,,,"Iran, Islamic Rep.",IRN,IRN,Asia,Asia,Southern Asia,Middle East & North Africa
IRQ,IRQ,0,Iraq,IRQ,Iraque,Iraq,IRQ,Iraq,Iraq,IRQ,Republic of Iraq,,,,Iraq,IRQ,IRQ,Asia,Asia,Western Asia,Middle East & North Africa
ISL,ISL,0,Iceland,ISL,Islândia,Iceland,ISL,Iceland,Iceland,IS,Republic of Iceland,,,,Iceland,ISL,ISL,Europe,Europe,Northern Europe,Europe & Central Asia
IS1,ISR,0,Israel,ISR,Israel,Israel,ISR,Israel,Isr.,IS,State of Israel,,,,Israel,ISR,ISR,Asia,Asia,Western Asia,Middle East & North Africa
ITA,ITA,0,Italy,ITA,Itália,Italy,ITA,Italy,Italy,I,Italian Republic,,,,Italy,ITA,ITA,Europe,Europe,Southern Europe,Europe & Central Asia
JAM,JAM,0,Jamaica,JAM,Jamaica,Jamaica,JAM,Jamaica,Jam.,J,Jamaica,,,,Jamaica,JAM,JAM,North America,Americas,Caribbean,Latin America & Caribbean
GB1,JEY,0,Jersey,JEY,Jersey,Jersey,JEY,Jersey,Jey.,JE,Bailiwick of Jersey,,U.K. crown dependency,,Jersey,JEY,JEY,Europe,Europe,Northern Europe,Europe & Central Asia
JOR,JOR,0,Jordan,JOR,Jordan,Jordan,JOR,Jordan,Jord.,J,Hashemite Kingdom of Jordan,,,,Jordan,JOR,JOR,Asia,Asia,Western Asia,Middle East & North Africa
JPN,JPN,0,Japan,JPN,Japão,Japan,JPN,Japan,Japan,J,Japan,,,,Japan,JPN,JPN,Asia,Asia,Eastern Asia,East Asia & Pacific
KAZ,KAB,0,Baykonur Cosmodrome,KAB,Baikonur,Baikonur Cosmodrome,B40,Baykonur,Bayk.,BK,,,Leased by Russia,Leased to Russia by Kazakhstan,Baikonur Cosmodrome,KAZ,KAB,Asia,Asia,Central Asia,Europe & Central Asia
KAS,KAS,0,Siachen Glacier,KAS,Siachen Glacier,Siachen Glacier,B45,Siachen Glacier,Siachen,SG,,,,Claimed by Pakistan and India,Kashmir,-99,KAS,Asia,Asia,Southern Asia,South Asia
KAZ,KAZ,0,Kazakhstan,KAZ,Cazaquistão,Kazakhstan,KAZ,Kazakhstan,Kaz.,KZ,Republic of Kazakhstan,,,,Kazakhstan,KAZ,KAZ,Asia,Asia,Central Asia,Europe & Central Asia
KEN,KEN,0,Kenya,KEN,Quênia,Kenya,KEN,Kenya,Ken.,KE,Republic of Kenya,,,,Kenya,KEN,KEN,Africa,Africa,Eastern Africa,Sub-Saharan Africa
KGZ,KGZ,0,Kyrgyzstan,KGZ,Quirguistão,Kyrgyzstan,KGZ,Kyrgyzstan,Kgz.,KG,Kyrgyz Republic,,,,Kyrgyz Republic,KGZ,KGZ,Asia,Asia,Central Asia,Europe & Central Asia
KHM,KHM,0,Cambodia,KHM,Camboja,Cambodia,KHM,Cambodia,Camb.,KH,Kingdom of Cambodia,,,,Cambodia,KHM,KHM,Asia,Asia,South-Eastern Asia,East Asia & Pacific
KIR,KIR,0,Kiribati,KIR,Kiribati,Kiribati,KIR,Kiribati,Kir.,KI,Republic of Kiribati,,,,Kiribati,KIR,KIR,Oceania,Oceania,Micronesia,East Asia & Pacific
KNA,KNA,0,Saint Kitts and Nevis,KNA,St. Kitts and Nevis,Saint Kitts and Nevis,KNA,Saint Kitts and Nevis,St.K.N.,KN,Federation of Saint Kitts and Nevis,,,,St. Kitts and Nevis,KNA,KNA,North America,Americas,Caribbean,Latin America & Caribbean
KOR,KOR,0,South Korea,KOR,Coreia,Republic of Korea,KOR,Republic of Korea,S.K.,KR,Republic of Korea,,,,"Korea, Rep.",KOR,KOR,Asia,Asia,Eastern Asia,East Asia & Pacific
KOS,KOS,0,Kosovo,KOS,Kosovo,Kosovo,B57,Kosovo,Kos.,KO,Republic of Kosovo,,,Self admin.; Claimed by Serbia,Kosovo,SRB,KOS,Europe,Europe,Southern Europe,Europe & Central Asia
KWT,KWT,0,Kuwait,KWT,Kuait,Kuwait,KWT,Kuwait,Kwt.,KW,State of Kuwait,,,,Kuwait,KWT,KWT,Asia,Asia,Western Asia,Middle East & North Africa
LAO,LAO,0,Laos,LAO,Laos,Lao PDR,LAO,Laos,Laos,LA,Lao People's Democratic Republic,,,,Lao PDR,LAO,LAO,Asia,Asia,South-Eastern Asia,East Asia & Pacific
LBN,LBN,0,Lebanon,LBN,Líbano,Lebanon,LBN,Lebanon,Leb.,LB,Lebanese Republic,,,,Lebanon,LBN,LBN,Asia,Asia,Western Asia,Middle East & North Africa
LBR,LBR,0,Liberia,LBR,Liberia,Liberia,LBR,Liberia,Liberia,LR,Republic of Liberia,,,,Liberia,LBR,LBR,Africa,Africa,Western Africa,Sub-Saharan Africa
LBY,LBY,0,Libya,LBY,Líbia,Libya,LBY,Libya,Libya,LY,Libya,,,,Libya,LBY,LBY,Africa,Africa,Northern Africa,Middle East & North Africa
LCA,LCA,0,Saint Lucia,LCA,Santa Lúcia,Saint Lucia,LCA,Saint Lucia,S.L.,LC,Saint Lucia,,,,St. Lucia,LCA,LCA,North America,Americas,Caribbean,Latin America & Caribbean
LIE,LIE,0,Liechtenstein,LIE,Liechtenstein,Liechtenstein,LIE,Liechtenstein,Liech.,FL,Principality of Liechtenstein,,,,Liechtenstein,LIE,LIE,Europe,Europe,Western Europe,Europe & Central Asia
LKA,LKA,0,Sri Lanka,LKA,Sri Lanka,Sri Lanka,LKA,Sri Lanka,Sri L.,LK,Democratic Socialist Republic of Sri Lanka,,,,Sri Lanka,LKA,LKA,Asia,Asia,Southern Asia,South Asia
LSO,LSO,0,Lesotho,LSO,Lesoto,Lesotho,LSO,Lesotho,Les.,LS,Kingdom of Lesotho,,,,Lesotho,LSO,LSO,Africa,Africa,Southern Africa,Sub-Saharan Africa
LTU,LTU,0,Lithuania,LTU,Lituânia,Lithuania,LTU,Lithuania,Lith.,LT,Republic of Lithuania,,,,Lithuania,LTU,LTU,Europe,Europe,Northern Europe,Europe & Central Asia
LUX,LUX,0,Luxembourg,LUX,Luxemburgo,Luxembourg,LUX,Luxembourg,Lux.,L,Grand Duchy of Luxembourg,,,,Luxembourg,LUX,LUX,Europe,Europe,Western Europe,Europe & Central Asia
LVA,LVA,0,Latvia,LVA,Letônia,Latvia,LVA,Latvia,Lat.,LV,Republic of Latvia,,,,Latvia,LVA,LVA,Europe,Europe,Northern Europe,Europe & Central Asia
CH1,MAC,0,Macao S.A.R,MAC,Macao,Macao,MAC,Macao,Mac.,MO,"Macao Special Administrative Region, PRC",,China,,"Macao SAR, China",MAC,MAC,Asia,Asia,Eastern Asia,East Asia & Pacific
FR1,MAF,0,Saint Martin,MAF,St-Martin,Saint-Martin,MAF,Saint-Martin,St. M.,MF,Saint-Martin (French part),,Fr.,,St. Martin (French part),MAF,MAF,North America,Americas,Caribbean,Latin America & Caribbean
MAR,MAR,0,Morocco,MAR,Marrocos,Morocco,MAR,Morocco,Mor.,MA,Kingdom of Morocco,,,,Morocco,MAR,MAR,Africa,Africa,Northern Africa,Middle East & North Africa
MCO,MCO,0,Monaco,MCO,Monaco,Monaco,MCO,Monaco,Mco.,MC,Principality of Monaco,,,,Monaco,MCO,MCO,Europe,Europe,Western Europe,Europe & Central Asia
MDA,MDA,0,Moldova,MDA,Moldova,Moldova,MDA,Moldova,Mda.,MD,Republic of Moldova,,,,Moldova,MDA,MDA,Europe,Europe,Eastern Europe,Europe & Central Asia
MDG,MDG,0,Madagascar,MDG,Madagascar,Madagascar,MDG,Madagascar,Mad.,MG,Republic of Madagascar,,,,Madagascar,MDG,MDG,Africa,Africa,Eastern Africa,Sub-Saharan Africa
MDV,MDV,0,Maldives,MDV,Maldives,Maldives,MDV,Maldives,Mald.,MV,Republic of Maldives,,,,Maldives,MDV,B13,Seven seas (open ocean),Asia,Southern Asia,South Asia
MEX,MEX,0,Mexico,MEX,México,Mexico,MEX,Mexico,Mex.,MX,United Mexican States,,,,Mexico,MEX,MEX,North America,Americas,Central America,Latin America & Caribbean
MHL,MHL,0,Marshall Islands,MHL,Ilhas Marshall,Marshall Islands,MHL,Marshall Is.,M. Is.,MH,Republic of the Marshall Islands,,,,Marshall Islands,MHL,MHL,Oceania,Oceania,Micronesia,East Asia & Pacific
MKD,MKD,0,Macedonia,MKD,Macedônia,Macedonia,MKD,Macedonia,Mkd.,MK,Former Yugoslav Republic of Macedonia,,,,"Macedonia, FYR",MKD,MKD,Europe,Europe,Southern Europe,Europe & Central Asia
MLI,MLI,0,Mali,MLI,Mali,Mali,MLI,Mali,Mali,ML,Republic of Mali,,,,Mali,MLI,MLI,Africa,Africa,Western Africa,Sub-Saharan Africa
MLT,MLT,0,Malta,MLT,Malta,Malta,MLT,Malta,Malta,M,Republic of Malta,,,,Malta,MLT,MLT,Europe,Europe,Southern Europe,Middle East & North Africa
MMR,MMR,0,Myanmar,MMR,Mianmar,Myanmar,MMR,Myanmar,Myan.,MM,Republic of the Union of Myanmar,,,,Myanmar,MMR,MMR,Asia,Asia,South-Eastern Asia,East Asia & Pacific
MNE,MNE,0,Montenegro,MNE,Montenegro,Montenegro,MNE,Montenegro,Mont.,ME,Montenegro,,,,Montenegro,MNE,MNE,Europe,Europe,Southern Europe,Europe & Central Asia
MNG,MNG,0,Mongolia,MNG,Mongólia,Mongolia,MNG,Mongolia,Mong.,MN,Mongolia,,,,Mongolia,MNG,MNG,Asia,Asia,Eastern Asia,East Asia & Pacific
US1,MNP,0,Northern Mariana Islands,MNP,Ilhas Mariana do Norte,Northern Mariana Islands,MNP,N. Mariana Is.,N.M.I.,MP,Commonwealth of the Northern Mariana Islands,,Commonwealth of U.S.A.,,Northern Mariana Islands,MNP,MNP,Oceania,Oceania,Micronesia,East Asia & Pacific
MOZ,MOZ,0,Mozambique,MOZ,Moçambique,Mozambique,MOZ,Mozambique,Moz.,MZ,Republic of Mozambique,,,,Mozambique,MOZ,MOZ,Africa,Africa,Eastern Africa,Sub-Saharan Africa
MRT,MRT,0,Mauritania,MRT,Mauritânia,Mauritania,MRT,Mauritania,Mrt.,MR,Islamic Republic of Mauritania,,,,Mauritania,MRT,MRT,Africa,Africa,Western Africa,Sub-Saharan Africa
GB1,MSR,0,Montserrat,MSR,Montserrat,Montserrat,MSR,Montserrat,Monts.,MS,,,U.K.,,Montserrat,MSR,MSR,North America,Americas,Caribbean,Latin America & Caribbean
MUS,MUS,0,Mauritius,MUS,Mauritius,Mauritius,MUS,Mauritius,Mus.,MU,Republic of Mauritius,,,,Mauritius,MUS,MUS,Seven seas (open ocean),Africa,Eastern Africa,Sub-Saharan Africa
MWI,MWI,0,Malawi,MWI,Malawi,Malawi,MWI,Malawi,Mal.,MW,Republic of Malawi,,,,Malawi,MWI,MWI,Africa,Africa,Eastern Africa,Sub-Saharan Africa
MYS,MYS,0,Malaysia,MYS,Malásia,Malaysia,MYS,Malaysia,Malay.,MY,Malaysia,,,,Malaysia,MYS,MYS,Asia,Asia,South-Eastern Asia,East Asia & Pacific
NAM,NAM,0,Namibia,NAM,Namíbia,Namibia,NAM,Namibia,Nam.,NA,Republic of Namibia,,,,Namibia,NAM,NAM,Africa,Africa,Southern Africa,Sub-Saharan Africa
FR1,NCL,0,New Caledonia,NCL,Nova Caledônia,New Caledonia,NCL,New Caledonia,New C.,NC,New Caledonia,Nouvelle-Calédonie,Fr.,,New Caledonia,NCL,NCL,Oceania,Oceania,Melanesia,East Asia & Pacific
NER,NER,0,Niger,NER,Níger,Niger,NER,Niger,Niger,NE,Republic of Niger,,,,Niger,NER,NER,Africa,Africa,Western Africa,Sub-Saharan Africa
AU1,NFK,0,Norfolk Island,NFK,Norfolk Island,Norfolk Island,NFK,Norfolk Island,Nfk. I.,NF,Territory of Norfolk Island,,Auz.,,Norfolk Island,NFK,NFK,Oceania,Oceania,Australia and New Zealand,East Asia & Pacific
NGA,NGA,0,Nigeria,NGA,Nigéria,Nigeria,NGA,Nigeria,Nigeria,NG,Federal Republic of Nigeria,,,,Nigeria,NGA,NGA,Africa,Africa,Western Africa,Sub-Saharan Africa
NIC,NIC,0,Nicaragua,NIC,Nicarágua,Nicaragua,NIC,Nicaragua,Nic.,NI,Republic of Nicaragua,,,,Nicaragua,NIC,NIC,North America,Americas,Central America,Latin America & Caribbean
NZ1,NIU,0,Niue,NIU,Niue,Niue,NIU,Niue,Niue,NU,,,Assoc. with N.Z.,,Niue,NIU,NIU,Oceania,Oceania,Polynesia,East Asia & Pacific
NL1,NLD,0,Netherlands,NLD,Holanda,Netherlands,NLD,Netherlands,Neth.,NL,Kingdom of the Netherlands,,,,Netherlands,NLD,NLD,Europe,Europe,Western Europe,Europe & Central Asia
NOR,NOR,0,Norway,NOR,Noruega,Norway,NOR,Norway,Nor.,N,Kingdom of Norway,,,,Norway,NOR,NOR,Europe,Europe,Northern Europe,Europe & Central Asia
NPL,NPL,0,Nepal,NPL,Nepal,Nepal,NPL,Nepal,Nepal,NP,Nepal,,,,Nepal,NPL,NPL,Asia,Asia,Southern Asia,South Asia
NRU,NRU,0,Nauru,NRU,Nauru,Nauru,NRU,Nauru,Nauru,NR,Republic of Nauru,,,,Nauru,NRU,NRU,Oceania,Oceania,Micronesia,East Asia & Pacific
NZ1,NZL,0,New Zealand,NZL,Nova Zelândia,New Zealand,NZL,New Zealand,N.Z.,NZ,New Zealand,,,,New Zealand,NZL,NZL,Oceania,Oceania,Australia and New Zealand,East Asia & Pacific
OMN,OMN,0,Oman,OMN,Oman,Oman,OMN,Oman,Oman,OM,Sultanate of Oman,,,,Oman,OMN,OMN,Asia,Asia,Western Asia,Middle East & North Africa
PAK,PAK,0,Pakistan,PAK,Paquistão,Pakistan,PAK,Pakistan,Pak.,PK,Islamic Republic of Pakistan,,,,Pakistan,PAK,PAK,Asia,Asia,Southern Asia,South Asia
PAN,PAN,0,Panama,PAN,Panamá,Panama,PAN,Panama,Pan.,PA,Republic of Panama,,,,Panama,PAN,PAN,North America,Americas,Central America,Latin America & Caribbean
GB1,PCN,0,Pitcairn Islands,PCN,Pitcairn Is.,Pitcairn Islands,PCN,Pitcairn Is.,Pit. Is.,PN,"Pitcairn, Henderson, Ducie and Oeno Islands",,U.K.,,Pitcairn Islands,PCN,PCN,Oceania,Oceania,Polynesia,East Asia & Pacific
PER,PER,0,Peru,PER,Peru,Peru,PER,Peru,Peru,PE,Republic of Peru,,,,Peru,PER,PER,South America,Americas,South America,Latin America & Caribbean
PGA,PGA,0,Spratly Islands,PGA,Spratly Is.,Spratly Islands,B46,Spratly Is.,Spratly Is.,SP,,,Disputed,"Claimed by China, Taiwan, Malaysia, the Philippines, and Brunei",Spratly Islands,-99,PGA,Asia,Asia,South-Eastern Asia,East Asia & Pacific
PHL,PHL,0,Philippines,PHL,Filipinas,Philippines,PHL,Philippines,Phil.,PH,Republic of the Philippines,,,,Philippines,PHL,PHL,Asia,Asia,South-Eastern Asia,East Asia & Pacific
PLW,PLW,0,Palau,PLW,Palau,Palau,PLW,Palau,Palau,PW,Republic of Palau,,,,Palau,PLW,PLW,Oceania,Oceania,Micronesia,East Asia & Pacific
PNG,PNG,0,Papua New Guinea,PNG,Pupua Nova Guiné,Papua New Guinea,PN1,Papua New Guinea,P.N.G.,PG,Independent State of Papua New Guinea,,,,Papua New Guinea,PNG,PNG,Oceania,Oceania,Melanesia,East Asia & Pacific
POL,POL,0,Poland,POL,Polônia,Poland,POL,Poland,Pol.,PL,Republic of Poland,,,,Poland,POL,POL,Europe,Europe,Eastern Europe,Europe & Central Asia
US1,PRI,0,Puerto Rico,PRI,Porto Rico,Puerto Rico,PRI,Puerto Rico,P.R.,PR,Commonwealth of Puerto Rico,,Commonwealth of U.S.A.,,Puerto Rico,PRI,PRI,North America,Americas,Caribbean,Latin America & Caribbean
PRK,PRK,0,North Korea,PRK,Coreia do Norte,Dem. Rep. Korea,PRK,Dem. Rep. Korea,N.K.,KP,Democratic People's Republic of Korea,,,,"Korea, Dem. Rep.",PRK,PRK,Asia,Asia,Eastern Asia,East Asia & Pacific
PRT,PRT,0,Portugal,PRT,Portugal,Portugal,PR1,Portugal,Port.,P,Portuguese Republic,,,,Portugal,PRT,PRT,Europe,Europe,Southern Europe,Europe & Central Asia
PRY,PRY,0,Paraguay,PRY,Paraguai,Paraguay,PRY,Paraguay,Para.,PY,Republic of Paraguay,,,,Paraguay,PRY,PRY,South America,Americas,South America,Latin America & Caribbean
IS1,PSX,0,Palestine,PSX,Palestina,Palestine,PSX,Palestine,Pal.,PAL,West Bank and Gaza,,Partial self-admin.,Partial self-admin.,Palestine (West Bank and Gaza),PSE,PSX,Asia,Asia,Western Asia,Middle East & North Africa
FR1,PYF,0,French Polynesia,PYF,Fr. Polynesia,French Polynesia,PYF,Fr. Polynesia,Fr. Poly.,PF,French Polynesia,,Fr.,,French Polynesia,PYF,PYF,Oceania,Oceania,Polynesia,East Asia & Pacific
QAT,QAT,0,Qatar,QAT,Qatar,Qatar,QAT,Qatar,Qatar,QA,State of Qatar,,,,Qatar,QAT,QAT,Asia,Asia,Western Asia,Middle East & North Africa
ROU,ROU,0,Romania,ROU,Romênia,Romania,ROU,Romania,Rom.,RO,Romania,,,,Romania,ROU,ROU,Europe,Europe,Eastern Europe,Europe & Central Asia
RUS,RUS,0,Russia,RUS,Rússia,Russian Federation,RUS,Russia,Rus.,RUS,Russian Federation,,,,Russian Federation,RUS,RUS,Europe,Europe,Eastern Europe,Europe & Central Asia
RWA,RWA,0,Rwanda,RWA,Ruanda,Rwanda,RWA,Rwanda,Rwa.,RW,Republic of Rwanda,,,,Rwanda,RWA,RWA,Africa,Africa,Eastern Africa,Sub-Saharan Africa
SAH,SAH,0,Western Sahara,SAH,Saara Ocidental,Western Sahara,B28,W. Sahara,W. Sah.,WS,Sahrawi Arab Democratic Republic,,Self admin.,Self admin.; Claimed by Morocco,Western Sahara,MAR,SAH,Africa,Africa,Northern Africa,Middle East & North Africa
SAU,SAU,0,Saudi Arabia,SAU,Arábia Saudita,Saudi Arabia,SAU,Saudi Arabia,Saud.,SA,Kingdom of Saudi Arabia,,,,Saudi Arabia,SAU,SAU,Asia,Asia,Western Asia,Middle East & North Africa
SCR,SCR,0,Scarborough Reef,SCR,Scarborough Reef,Scarborough Reef,B70,Scarborough Reef,S.R.,SR,,,,,,-99,SCR,Asia,Asia,South-Eastern Asia,East Asia & Pacific
SDN,SDN,0,Sudan,SDN,Sudão,Sudan,SDN,Sudan,Sudan,SD,Republic of the Sudan,,,,Sudan,SDN,SDN,Africa,Africa,Northern Africa,Sub-Saharan Africa
SDS,SDS,0,South Sudan,SDS,Sudão do Sul,South Sudan,SDS,S. Sudan,S. Sud.,SS,Republic of South Sudan,,,,South Sudan,SSD,SDS,Africa,Africa,Eastern Africa,Sub-Saharan Africa
SEN,SEN,0,Senegal,SEN,Senegal,Senegal,SEN,Senegal,Sen.,SN,Republic of Senegal,,,,Senegal,SEN,SEN,Africa,Africa,Western Africa,Sub-Saharan Africa
SER,SER,0,Serranilla Bank,SER,Serranilla Bank,Serranilla Bank,B42,Serranilla Bank,S.B.,SB,,,Disputed,"Claimed by Columbia, Honduras, Nicaragua, and the United States",Serranilla Bank,-99,B42,North America,Americas,Caribbean,Latin America & Caribbean
SGP,SGP,0,Singapore,SGP,Singapura,Singapore,SGP,Singapore,Sing.,SG,Republic of Singapore,,,,Singapore,SGP,SGP,Asia,Asia,South-Eastern Asia,East Asia & Pacific
GB1,SGS,0,South Georgia and South Sandwich Islands,SGS,S. Geo. and S. Sandw. Is.,South Georgia and South Sandwich Islands,SGS,S. Geo. and S. Sandw. Is.,S.G. S.S. Is.,GS,South Georgia and South Sandwich Islands,,U.K.,,South Georgia and the Islands,SGS,SGS,Seven seas (open ocean),Seven seas (open ocean),Seven seas (open ocean),Antarctica
GB1,SHN,0,Saint Helena,SHN,Santa Helena,Saint Helena,SHN,Saint Helena,St.H.,SH,,,U.K.,,St. Helena,SHN,SHN,Seven seas (open ocean),Africa,Western Africa,Sub-Saharan Africa
SLB,SLB,0,Solomon Islands,SLB,Ilhas Salomão,Solomon Islands,SLB,Solomon Is.,S. Is.,SB,,,,,Solomon Islands,SLB,SLB,Oceania,Oceania,Melanesia,East Asia & Pacific
SLE,SLE,0,Sierra Leone,SLE,Serra Leoa,Sierra Leone,SLE,Sierra Leone,S.L.,SL,Republic of Sierra Leone,,,,Sierra Leone,SLE,SLE,Africa,Africa,Western Africa,Sub-Saharan Africa
SLV,SLV,0,El Salvador,SLV,El Salvador,El Salvador,SLV,El Salvador,El. S.,SV,Republic of El Salvador,,,,El Salvador,SLV,SLV,North America,Americas,Central America,Latin America & Caribbean
SMR,SMR,0,San Marino,SMR,San Marino,San Marino,SMR,San Marino,S.M.,RSM,Republic of San Marino,,,,San Marino,SMR,SMR,Europe,Europe,Southern Europe,Europe & Central Asia
SOL,SOL,0,Somaliland,SOL,Somaliland,Somaliland,B30,Somaliland,Solnd.,SL,Republic of Somaliland,,Self admin.,Self admin.; Claimed by Somalia,Somaliland,SOM,SOM,Africa,Africa,Eastern Africa,Sub-Saharan Africa
SOM,SOM,0,Somalia,SOM,Somália,Somalia,SOM,Somalia,Som.,SO,Federal Republic of Somalia,,,,Somalia,SOM,SOM,Africa,Africa,Eastern Africa,Sub-Saharan Africa
FR1,SPM,0,Saint Pierre and Miquelon,SPM,St. Pierre and Miquelon,Saint Pierre and Miquelon,SPM,St. Pierre and Miquelon,St. P.M.,PM,Saint Pierre and Miquelon,,Fr.,,St. Pierre and Miquelon,SPM,SPM,North America,Americas,Northern America,North America
SRB,SRB,0,Republic of Serbia,SRB,Sérvia,Serbia,SRB,Serbia,Serb.,RS,Republic of Serbia,,,,Serbia,SRB,SRB,Europe,Europe,Southern Europe,Europe & Central Asia
STP,STP,0,Sao Tome and Principe,STP,São Tomé e Príncipe,São Tomé and Principe,STP,Sao Tome and Principe,S.T.P.,ST,Democratic Republic of São Tomé and Principe,,,,São Tomé and Principe,STP,STP,Africa,Africa,Middle Africa,Sub-Saharan Africa
SUR,SUR,0,Suriname,SUR,Suriname,Suriname,SUR,Suriname,Sur.,SR,Republic of Suriname,,,,Suriname,SUR,SUR,South America,Americas,South America,Latin America & Caribbean
SVK,SVK,0,Slovakia,SVK,Eslováquia,Slovakia,SVK,Slovakia,Svk.,SK,Slovak Republic,,,,Slovak Republic,SVK,SVK,Europe,Europe,Eastern Europe,Europe & Central Asia
SVN,SVN,0,Slovenia,SVN,Eslovênia,Slovenia,SVN,Slovenia,Slo.,SLO,Republic of Slovenia,,,,Slovenia,SVN,SVN,Europe,Europe,Southern Europe,Europe & Central Asia
SWE,SWE,0,Sweden,SWE,Suécia,Sweden,SWE,Sweden,Swe.,S,Kingdom of Sweden,,,,Sweden,SWE,SWE,Europe,Europe,Northern Europe,Europe & Central Asia
SWZ,SWZ,0,Swaziland,SWZ,Suazilândia,Swaziland,SWZ,Swaziland,Swz.,SW,Kingdom of Swaziland,,,,Swaziland,SWZ,SWZ,Africa,Africa,Southern Africa,Sub-Saharan Africa
NL1,SXM,0,Sint Maarten,SXM,Sint Maarten,Sint Maarten,SXM,Sint Maarten,St. M.,SX,Sint Maarten (Dutch part),,Neth.,,St. Maarten (Dutch part),SXM,SXM,North America,Americas,Caribbean,Latin America & Caribbean
SYC,SYC,0,Seychelles,SYC,Seychelles,Seychelles,SYC,Seychelles,Syc.,SC,Republic of Seychelles,,,,Seychelles,SYC,SYC,Seven seas (open ocean),Africa,Eastern Africa,Sub-Saharan Africa
SYR,SYR,0,Syria,SYR,Síria,Syria,SYR,Syria,Syria,SYR,Syrian Arab Republic,,,,Syrian Arab Republic,SYR,SYR,Asia,Asia,Western Asia,Middle East & North Africa
GB1,TCA,0,Turks and Caicos Islands,TCA,Turks and Caicos Is.,Turks and Caicos Islands,TCA,Turks and Caicos Is.,T.C. Is.,TC,Turks and Caicos Islands,,U.K.,,Turks and Caicos Islands,TCA,TCA,North America,Americas,Caribbean,Latin America & Caribbean
TCD,TCD,0,Chad,TCD,Chade,Chad,TCD,Chad,Chad,TD,Republic of Chad,,,,Chad,TCD,TCD,Africa,Africa,Middle Africa,Sub-Saharan Africa
TGO,TGO,0,Togo,TGO,Togo,Togo,TGO,Togo,Togo,TG,Togolese Republic,République Togolaise,,,Togo,TGO,TGO,Africa,Africa,Western Africa,Sub-Saharan Africa
THA,THA,0,Thailand,THA,Tailândia,Thailand,THA,Thailand,Thai.,TH,Kingdom of Thailand,,,,Thailand,THA,THA,Asia,Asia,South-Eastern Asia,East Asia & Pacific
TJK,TJK,0,Tajikistan,TJK,Tadjiquistão,Tajikistan,TJK,Tajikistan,Tjk.,TJ,Republic of Tajikistan,,,,Tajikistan,TJK,TJK,Asia,Asia,Central Asia,Europe & Central Asia
TKM,TKM,0,Turkmenistan,TKM,Turcomenistão,Turkmenistan,TKM,Turkmenistan,Turkm.,TM,Turkmenistan,,,,Turkmenistan,TKM,TKM,Asia,Asia,Central Asia,Europe & Central Asia
TLS,TLS,0,East Timor,TLS,Timor Leste,Timor-Leste,TLS,Timor-Leste,T.L.,TL,Democratic Republic of Timor-Leste,,,,Timor-Leste,TLS,TLS,Asia,Asia,South-Eastern Asia,East Asia & Pacific
TON,TON,0,Tonga,TON,Tonga,Tonga,TON,Tonga,Tongo,TO,Kingdom of Tonga,,,,Tonga,TON,TON,Oceania,Oceania,Polynesia,East Asia & Pacific
TTO,TTO,0,Trinidad and Tobago,TTO,Trinidade e Tobago,Trinidad and Tobago,TTO,Trinidad and Tobago,Tr.T.,TT,Republic of Trinidad and Tobago,,,,Trinidad and Tobago,TTO,TTO,North America,Americas,Caribbean,Latin America & Caribbean
TUN,TUN,0,Tunisia,TUN,Tunísia,Tunisia,TUN,Tunisia,Tun.,TN,Republic of Tunisia,,,,Tunisia,TUN,TUN,Africa,Africa,Northern Africa,Middle East & North Africa
TUR,TUR,0,Turkey,TUR,Turquia,Turkey,TUR,Turkey,Tur.,TR,Republic of Turkey,,,,Turkey,TUR,TUR,Asia,Asia,Western Asia,Europe & Central Asia
TUV,TUV,0,Tuvalu,TUV,Tuvalu,Tuvalu,TUV,Tuvalu,Tuv.,TV,Tuvalu,,,,Tuvalu,TUV,TUV,Oceania,Oceania,Polynesia,East Asia & Pacific
TWN,TWN,0,Taiwan,TWN,Taiwan,Taiwan,B77,Taiwan,Taiwan,TW,,,,Self admin.; Claimed by China,Taiwan,TWN,TWN,Asia,Asia,Eastern Asia,East Asia & Pacific
TZA,TZA,0,Tanzania,TZA,Tanzânia,Tanzania,TZA,Tanzania,Tanz.,TZ,United Republic of Tanzania,,,,Tanzania,TZA,TZA,Africa,Africa,Eastern Africa,Sub-Saharan Africa
UGA,UGA,0,Uganda,UGA,Uganda,Uganda,UGA,Uganda,Uga.,UG,Republic of Uganda,,,,Uganda,UGA,UGA,Africa,Africa,Eastern Africa,Sub-Saharan Africa
UKR,UKR,0,Ukraine,UKR,Ucrânia,Ukraine,UKR,Ukraine,Ukr.,UA,Ukraine,,,,Ukraine,UKR,UKR,Europe,Europe,Eastern Europe,Europe & Central Asia
US1,UMI,0,United States Minor Outlying Islands,UMI,U.S. Minor Outlying Is.,United States Minor Outlying Islands,UMI,U.S. Minor Outlying Is.,U.S. MOI,UM,,,U.S.A.,,United States Minor Outlying Islands,UMI,UMI,North America,Seven seas (open ocean),Seven seas (open ocean),East Asia & Pacific
URY,URY,0,Uruguay,URY,Uruguai,Uruguay,URY,Uruguay,Ury.,UY,Oriental Republic of Uruguay,,,,Uruguay,URY,URY,South America,Americas,South America,Latin America & Caribbean
US1,USA,0,United States of America,USA,Estados Unidos,United States,USA,United States,U.S.A.,US,United States of America,,,,United States of America,USA,USA,North America,Americas,Northern America,North America
CUB,USG,0,US Naval Base Guantanamo Bay,USG,USNB Guantanamo Bay,US Naval Base Guantanamo Bay,B50,Guantanamo Bay USNB,Guantan.,GB,,,Leased by U.S.A.,Leased to U.S.A. by Cuba; Claimed by Cuba,Guantanamo Bay USNB,-99,USG,North America,Americas,Caribbean,Latin America & Caribbean
UZB,UZB,0,Uzbekistan,UZB,Uzbequistão,Uzbekistan,UZB,Uzbekistan,Uzb.,UZ,Republic of Uzbekistan,,,,Uzbekistan,UZB,UZB,Asia,Asia,Central Asia,Europe & Central Asia
VAT,VAT,0,Vatican,VAT,Vaticano,Vatican,VAT,Vatican,Vat.,V,State of the Vatican City,,,,Vatican (Holy Sea),VAT,VAT,Europe,Europe,Southern Europe,Europe & Central Asia
VCT,VCT,0,Saint Vincent and the Grenadines,VCT,St. Vin. and Gren.,Saint Vincent and the Grenadines,VCT,St. Vin. and Gren.,St.V.G.,VC,Saint Vincent and the Grenadines,,,,St. Vincent and the Grenadines,VCT,VCT,North America,Americas,Caribbean,Latin America & Caribbean
VEN,VEN,0,Venezuela,VEN,Venezuela,Venezuela,VEN,Venezuela,Ven.,VE,Bolivarian Republic of Venezuela,República Bolivariana de Venezuela,,,"Venezuela, RB",VEN,VEN,South America,Americas,South America,Latin America & Caribbean
GB1,VGB,0,British Virgin Islands,VGB,British Virgin Is.,British Virgin Islands,VGB,British Virgin Is.,V.I. (Br.),VG,British Virgin Islands,,U.K.,,British Virgin Islands,VGB,VGB,North America,Americas,Caribbean,Latin America & Caribbean
US1,VIR,0,United States Virgin Islands,VIR,U.S. Virgin Is.,United States Virgin Islands,VIR,U.S. Virgin Is.,V.I. (U.S.),VI,Virgin Islands of the United States,,U.S.A.,,Virgin Islands (U.S.),VIR,VIR,North America,Americas,Caribbean,Latin America & Caribbean
VNM,VNM,0,Vietnam,VNM,Vietnã,Vietnam,VNM,Vietnam,Viet.,VN,Socialist Republic of Vietnam,,,,Vietnam,VNM,VNM,Asia,Asia,South-Eastern Asia,East Asia & Pacific
VUT,VUT,0,Vanuatu,VUT,Vanuatu,Vanuatu,VUT,Vanuatu,Van.,VU,Republic of Vanuatu,,,,Vanuatu,VUT,VUT,Oceania,Oceania,Melanesia,East Asia & Pacific
FR1,WLF,0,Wallis and Futuna,WLF,Wallis and Futuna Is.,Wallis and Futuna Islands,WLF,Wallis and Futuna Islands,Wlf.,WF,Wallis and Futuna Islands,,Fr.,,Wallis and Futuna,WLF,WLF,Oceania,Oceania,Polynesia,East Asia & Pacific
GB1,WSB,0,Akrotiri Sovereign Base Area,WSB,Akrotiri,Akrotiri,WSB,Akrotiri,Akr.,AK,,,U.K. Base,,Akrotiri Sovereign Base Area,GBR,WSB,Asia,Asia,Western Asia,Europe & Central Asia
WSM,WSM,0,Samoa,WSM,Samoa,Samoa,WSM,Samoa,Samoa,WS,Independent State of Samoa,,,,Samoa,WSM,WSM,Oceania,Oceania,Polynesia,East Asia & Pacific
YEM,YEM,0,Yemen,YEM,Iêmen,Yemen,YEM,Yemen,Yem.,YE,Republic of Yemen,,,,"Yemen, Rep.",YEM,YEM,Asia,Asia,Western Asia,Middle East & North Africa
ZAF,ZAF,0,South Africa,ZAF,África do Sul,South Africa,ZAF,South Africa,S.Af.,ZA,Republic of South Africa,,,,South Africa,ZAF,ZAF,Africa,Africa,Southern Africa,Sub-Saharan Africa
ZMB,ZMB,0,Zambia,ZMB,Zâmbia,Zambia,ZMB,Zambia,Zambia,ZM,Republic of Zambia,,,,Zambia,ZMB,ZMB,Africa,Africa,Eastern Africa,Sub-Saharan Africa
ZWE,ZWE,0,Zimbabwe,ZWE,Zimbábue,Zimbabwe,ZWE,Zimbabwe,Zimb.,ZW,Republic of Zimbabwe,,,,Zimbabwe,ZWE,ZWE,Africa,Africa,Eastern Africa,Sub-Saharan Africa
